project_type,planned_duration,contract_value_lkr,project_size,labourers_count,material_availability,weather_condition,is_delayed,delay_days
Residential,363,52.16,Medium,73,High,Clear,0,0
Industrial,509,517.06,Large,151,Low,Rainy,1,164
Infrastructure,513,449.11,Large,153,High,Clear,1,95
Commercial,471,206.73,Large,132,High,Rainy,0,0
Residential,176,46.35,Small,11,High,Clear,0,0
Residential,280,43.94,Small,19,Medium,Clear,0,0
Residential,213,56.16,Medium,53,Medium,Rainy,0,0
Infrastructure,212,361.19,Large,178,Low,Clear,1,99
Commercial,71,52.54,Medium,50,High,Clear,1,22
Infrastructure,192,341.21,Large,111,Medium,Clear,1,54
Residential,363,38.45,Small,16,Medium,Monsoon,1,103
Industrial,352,485.07,Large,60,High,Clear,0,0
Infrastructure,522,457.4,Large,114,Low,Clear,1,131
Residential,359,68.25,Medium,41,Medium,Clear,1,139
Residential,287,82.05,Medium,59,Medium,Clear,0,0
Residential,330,43.9,Small,9,Low,Clear,0,0
Residential,102,18.15,Small,19,Medium,Clear,0,0
Commercial,491,326.48,Large,60,High,Clear,0,0
Commercial,402,297.93,Large,124,Medium,Monsoon,0,0
Residential,385,90.16,Medium,61,High,Clear,0,0
Commercial,361,154.9,Medium,73,High,Clear,0,0
Residential,423,99.37,Medium,61,High,Clear,0,0
Residential,438,69.79,Medium,40,Medium,Clear,0,0
Residential,486,118.43,Medium,34,Medium,Rainy,0,0
Commercial,80,62.16,Medium,36,High,Clear,0,0
Infrastructure,466,944.29,Large,81,Medium,Clear,1,120
Residential,166,45.25,Small,10,Low,Rainy,0,0
Commercial,395,118.92,Medium,54,High,Clear,1,108
Commercial,362,238.48,Large,168,High,Clear,0,0
Residential,176,46.8,Small,20,Medium,Clear,0,0
Commercial,183,58.61,Medium,27,High,Clear,0,0
Residential,458,125.64,Medium,66,Medium,Clear,0,0
Residential,340,51.46,Medium,36,High,Clear,1,95
Industrial,351,479.07,Large,76,Medium,Rainy,1,90
Industrial,262,403.6,Large,177,Medium,Monsoon,1,59
Infrastructure,110,211.92,Large,149,Medium,Clear,0,0
Residential,330,39.09,Small,17,Low,Clear,0,0
Residential,383,83.98,Medium,36,Low,Clear,1,68
Commercial,336,193.13,Medium,57,Medium,Clear,0,0
Commercial,200,150.03,Medium,36,Medium,Clear,1,26
Residential,529,95.67,Medium,67,High,Monsoon,1,231
Commercial,334,153.82,Medium,33,Medium,Rainy,0,0
Residential,349,87.24,Medium,64,High,Monsoon,0,0
Industrial,393,407.34,Large,65,Low,Monsoon,1,101
Residential,440,100.86,Medium,54,High,Clear,0,0
Commercial,511,318.47,Large,169,Medium,Clear,0,0
Residential,432,119.93,Medium,33,High,Clear,1,51
Commercial,111,66.53,Medium,66,Medium,Clear,1,42
Commercial,86,47.39,Small,12,Low,Monsoon,0,0
Residential,216,27.6,Small,19,High,Clear,0,0
Industrial,298,193.84,Medium,73,Low,Monsoon,1,66
Infrastructure,215,228.4,Large,86,High,Clear,1,68
Industrial,350,253.19,Large,72,Medium,Monsoon,1,91
Infrastructure,195,367.46,Large,172,Low,Monsoon,1,40
Commercial,203,136.11,Medium,50,High,Rainy,0,0
Industrial,165,196.18,Medium,72,Low,Rainy,1,50
Residential,479,127.32,Medium,54,High,Clear,0,0
Residential,217,64.72,Medium,25,High,Monsoon,1,27
Residential,205,54.12,Medium,24,Low,Monsoon,1,117
Residential,61,14.58,Small,21,High,Rainy,0,0
Residential,492,101.6,Medium,42,Low,Rainy,1,172
Residential,136,25.81,Small,6,Low,Rainy,1,25
Infrastructure,191,180.2,Medium,45,High,Monsoon,1,41
Residential,149,26.8,Small,19,Medium,Clear,1,38
Residential,404,113.94,Medium,24,High,Rainy,1,67
Commercial,409,287.94,Large,149,High,Clear,0,0
Residential,518,74.18,Medium,39,High,Clear,0,0
Infrastructure,322,513.02,Large,65,High,Clear,1,62
Residential,410,107.97,Medium,25,High,Clear,0,0
Industrial,167,98.13,Medium,69,High,Clear,0,0
Infrastructure,133,193.99,Medium,37,Low,Clear,1,47
Residential,98,26.5,Small,8,Low,Clear,1,47
Residential,456,82.44,Medium,36,Medium,Clear,1,109
Infrastructure,218,203.16,Large,73,Medium,Clear,1,76
Infrastructure,130,223.9,Large,137,Low,Rainy,1,66
Infrastructure,506,1146.07,Large,72,High,Monsoon,0,0
Infrastructure,371,669.09,Large,66,Medium,Rainy,1,65
Residential,300,43.58,Small,16,Low,Monsoon,0,0
Residential,485,85.77,Medium,74,High,Rainy,0,0
Residential,504,95.77,Medium,34,Medium,Clear,0,0
Infrastructure,357,637.16,Large,78,Low,Rainy,1,170
Commercial,499,339.16,Large,122,Low,Rainy,0,0
Residential,95,11.38,Small,15,Medium,Clear,0,0
Residential,143,39.74,Small,19,High,Clear,0,0
Residential,511,52.36,Medium,63,High,Rainy,1,186
Residential,433,75.35,Medium,54,High,Clear,0,0
Infrastructure,322,272.61,Large,140,Medium,Rainy,0,0
Commercial,369,183.2,Medium,54,High,Clear,0,0
Infrastructure,444,752.08,Large,78,Low,Rainy,1,124
Commercial,231,128.4,Medium,39,High,Clear,1,103
Residential,435,57.91,Medium,55,High,Clear,0,0
Infrastructure,232,440.28,Large,94,Medium,Clear,1,44
Infrastructure,421,368.85,Large,91,Medium,Rainy,0,0
Commercial,106,72.18,Medium,67,High,Monsoon,0,0
Infrastructure,438,1055.27,Large,103,High,Monsoon,1,99
Commercial,200,93.98,Medium,59,Medium,Clear,0,0
Commercial,434,242.44,Large,83,High,Rainy,0,0
Commercial,465,227.6,Large,120,High,Clear,0,0
Residential,177,17.94,Small,21,Low,Clear,0,0
Residential,336,59.53,Medium,26,Medium,Clear,0,0
Residential,273,70.53,Medium,62,High,Rainy,0,0
Commercial,279,166.84,Medium,69,Low,Clear,0,0
Residential,452,54.35,Medium,20,Low,Clear,1,209
Commercial,85,61.5,Medium,54,Medium,Rainy,1,21
Industrial,68,80.95,Medium,51,Medium,Rainy,0,0
Residential,330,88.55,Medium,55,Low,Clear,1,89
Commercial,69,40.72,Small,17,Low,Clear,0,0
Infrastructure,531,930.03,Large,129,Medium,Clear,1,86
Residential,437,52.9,Medium,33,High,Clear,1,160
Residential,180,24.02,Small,9,Medium,Rainy,1,67
Residential,184,54.17,Medium,67,Medium,Clear,0,0
Residential,229,33.36,Small,19,High,Rainy,0,0
Industrial,131,231.96,Large,170,High,Monsoon,1,46
Infrastructure,211,359.6,Large,127,Low,Clear,1,114
Commercial,267,98.23,Medium,59,Medium,Monsoon,1,67
Infrastructure,108,104.63,Medium,35,High,Clear,1,19
Infrastructure,213,246.03,Large,151,Medium,Clear,1,71
Residential,406,115.76,Medium,35,High,Clear,0,0
Infrastructure,352,529.43,Large,121,High,Clear,0,0
Commercial,127,63.21,Medium,23,Medium,Clear,0,0
Infrastructure,109,145.24,Medium,64,High,Clear,1,39
Infrastructure,211,221.55,Large,149,High,Rainy,1,37
Residential,78,15.41,Small,17,Low,Monsoon,1,14
Residential,159,20.04,Small,6,High,Rainy,0,0
Residential,119,31.78,Small,7,High,Clear,0,0
Commercial,226,109.65,Medium,73,Low,Rainy,0,0
Infrastructure,261,375.1,Large,67,Medium,Rainy,1,100
Infrastructure,404,648.75,Large,83,Medium,Rainy,1,178
Residential,205,38.71,Small,19,Low,Rainy,0,0
Commercial,462,368.41,Large,102,High,Monsoon,1,180
Commercial,223,127.71,Medium,50,Medium,Clear,1,43
Residential,517,60.82,Medium,28,Medium,Rainy,0,0
Residential,498,110.24,Medium,58,Low,Clear,1,279
Residential,301,39.23,Small,17,Medium,Monsoon,1,149
Industrial,128,69.15,Medium,21,Medium,Clear,1,35
Residential,234,68.83,Medium,27,Medium,Clear,0,0
Commercial,108,74.17,Medium,26,Medium,Clear,1,41
Infrastructure,167,411.85,Large,179,Medium,Rainy,1,64
Residential,285,55.74,Medium,63,Medium,Clear,0,0
Industrial,220,262.23,Large,174,Medium,Clear,0,0
Industrial,178,127.95,Medium,58,Medium,Monsoon,1,91
Residential,208,31.07,Small,14,Medium,Monsoon,0,0
Commercial,524,376.9,Large,116,Medium,Clear,1,206
Residential,209,35.79,Small,20,Low,Clear,0,0
Residential,491,130.29,Medium,54,Medium,Monsoon,1,191
Residential,352,85.11,Medium,49,Low,Monsoon,1,159
Commercial,202,78.49,Medium,29,Low,Clear,1,66
Commercial,478,264.68,Large,161,Medium,Rainy,0,0
Residential,535,125.98,Medium,37,Medium,Clear,0,0
Residential,514,75.56,Medium,69,Low,Rainy,1,205
Industrial,219,346.0,Large,128,Medium,Rainy,1,82
Residential,70,14.63,Small,11,Low,Clear,1,38
Residential,197,26.21,Small,6,Medium,Clear,0,0
Commercial,516,305.21,Large,102,Medium,Monsoon,1,163
Industrial,137,246.55,Large,104,High,Rainy,0,0
Residential,136,17.69,Small,9,High,Clear,0,0
Commercial,500,354.19,Large,153,Low,Rainy,1,187
Infrastructure,313,360.71,Large,65,Medium,Rainy,1,80
Residential,468,120.03,Medium,65,Medium,Clear,1,156
Infrastructure,317,649.46,Large,167,Low,Rainy,1,126
Residential,379,60.68,Medium,23,Medium,Rainy,0,0
Commercial,350,162.02,Medium,48,Medium,Monsoon,1,44
Commercial,322,224.2,Large,82,Medium,Clear,0,0
Commercial,144,76.42,Medium,25,Medium,Clear,0,0
Residential,205,50.46,Medium,51,High,Clear,0,0
Infrastructure,382,401.7,Large,165,Medium,Rainy,1,110
Residential,101,27.32,Small,22,Medium,Rainy,0,0
Residential,433,104.86,Medium,34,High,Monsoon,1,68
Residential,184,51.78,Medium,59,Medium,Rainy,0,0
Commercial,226,82.76,Medium,51,High,Clear,0,0
Commercial,484,288.71,Large,132,High,Monsoon,0,0
Residential,300,65.95,Medium,56,High,Clear,1,32
Commercial,518,246.95,Large,133,High,Monsoon,0,0
Residential,339,64.98,Medium,39,Medium,Clear,0,0
Commercial,247,78.79,Medium,25,Low,Rainy,0,0
Residential,361,89.95,Medium,67,Medium,Rainy,0,0
Commercial,78,44.82,Small,7,High,Rainy,0,0
Residential,127,14.17,Small,14,High,Clear,0,0
Industrial,277,383.64,Large,70,High,Clear,1,104
Residential,161,31.13,Small,15,Medium,Rainy,1,30
Residential,101,10.8,Small,21,High,Monsoon,1,26
Residential,347,101.99,Medium,51,Medium,Clear,0,0
Industrial,226,391.85,Large,63,High,Monsoon,1,33
Infrastructure,168,280.88,Large,122,Low,Clear,1,34
Residential,95,11.28,Small,8,High,Clear,0,0
Commercial,291,197.1,Medium,36,High,Rainy,1,107
Infrastructure,288,471.25,Large,100,Low,Rainy,1,98
Commercial,412,185.9,Medium,38,High,Monsoon,1,201
Commercial,223,121.69,Medium,24,High,Rainy,0,0
Residential,446,91.2,Medium,51,Medium,Clear,0,0
Residential,132,28.06,Small,10,Medium,Clear,0,0
Infrastructure,195,302.27,Large,94,Medium,Clear,0,0
Industrial,412,530.44,Large,81,High,Clear,1,98
Commercial,438,332.6,Large,124,High,Rainy,1,84
Residential,129,22.25,Small,24,High,Clear,0,0
Residential,484,118.65,Medium,41,High,Clear,0,0
Infrastructure,255,591.75,Large,171,Low,Clear,1,70
Infrastructure,328,516.65,Large,178,Medium,Clear,0,0
Infrastructure,108,167.82,Medium,30,High,Clear,0,0
Infrastructure,375,683.85,Large,136,Medium,Monsoon,1,157
Commercial,189,112.59,Medium,61,High,Rainy,0,0
Residential,503,131.44,Medium,22,Low,Rainy,1,185
Residential,64,12.5,Small,13,High,Rainy,0,0
Infrastructure,487,1214.29,Large,119,High,Clear,1,202
Commercial,86,28.36,Small,16,Medium,Monsoon,1,32
Residential,219,22.04,Small,18,Medium,Clear,1,59
Residential,208,47.43,Small,5,Medium,Clear,0,0
Commercial,323,145.1,Medium,37,High,Rainy,0,0
Residential,289,42.79,Small,21,High,Clear,0,0
Residential,259,42.06,Small,13,Medium,Rainy,1,97
Commercial,109,46.65,Small,13,High,Clear,0,0
Commercial,126,39.74,Small,14,Low,Rainy,1,67
Commercial,359,282.09,Large,142,High,Clear,0,0
Residential,440,63.43,Medium,66,Medium,Clear,0,0
Infrastructure,117,239.6,Large,128,Medium,Rainy,0,0
Residential,318,80.3,Medium,66,High,Clear,0,0
Residential,401,114.63,Medium,71,Medium,Clear,1,90
Infrastructure,385,327.99,Large,146,Low,Clear,1,90
Commercial,189,139.11,Medium,49,High,Rainy,0,0
Infrastructure,274,464.78,Large,84,Low,Rainy,1,108
Commercial,231,142.36,Medium,47,Medium,Clear,0,0
Commercial,317,197.25,Medium,53,High,Monsoon,0,0
Residential,161,42.5,Small,17,High,Monsoon,1,53
Residential,268,44.67,Small,20,High,Rainy,0,0
Residential,350,86.31,Medium,66,Medium,Rainy,0,0
Residential,413,84.96,Medium,44,Medium,Clear,0,0
Industrial,530,811.65,Large,133,Low,Rainy,1,295
Residential,345,102.85,Medium,33,Low,Clear,1,112
Infrastructure,175,199.69,Medium,61,Medium,Clear,0,0
Commercial,323,257.54,Large,169,Medium,Monsoon,0,0
Infrastructure,209,199.11,Medium,49,High,Rainy,0,0
Commercial,359,108.12,Medium,74,Medium,Clear,1,45
Commercial,501,161.36,Medium,60,High,Clear,0,0
Commercial,95,44.73,Small,18,Medium,Rainy,0,0
Residential,512,116.01,Medium,54,High,Clear,0,0
Infrastructure,392,359.6,Large,175,High,Clear,0,0
Residential,536,54.21,Medium,67,High,Clear,0,0
Residential,346,99.45,Medium,53,High,Clear,0,0
Commercial,362,257.37,Large,69,Medium,Rainy,0,0
Residential,370,96.88,Medium,54,Medium,Clear,1,163
Industrial,267,440.48,Large,134,Medium,Rainy,0,0
Industrial,165,232.66,Large,70,Medium,Clear,0,0
Industrial,505,321.04,Large,144,Medium,Rainy,1,199
Residential,217,39.02,Small,17,High,Monsoon,1,42
Residential,180,44.03,Small,11,High,Rainy,1,74
Industrial,114,98.55,Medium,74,Medium,Monsoon,1,29
Commercial,459,295.46,Large,140,Medium,Monsoon,0,0
Industrial,71,37.76,Small,6,High,Clear,1,16
Industrial,204,183.19,Medium,31,High,Rainy,1,85
Infrastructure,459,795.69,Large,101,High,Monsoon,1,157
Residential,455,103.02,Medium,37,Medium,Clear,1,67
Residential,195,42.0,Small,15,High,Clear,0,0
Infrastructure,527,1046.72,Large,75,Medium,Monsoon,0,0
Residential,62,6.28,Small,21,Low,Rainy,1,17
Residential,203,24.4,Small,23,High,Clear,0,0
Commercial,89,65.37,Medium,37,Low,Clear,0,0
Industrial,296,410.34,Large,158,Medium,Rainy,1,104
Commercial,338,120.49,Medium,72,Medium,Clear,0,0
Commercial,407,293.46,Large,118,Medium,Rainy,1,65
Residential,174,25.83,Small,20,Medium,Rainy,0,0
Commercial,163,87.88,Medium,25,Medium,Rainy,1,49
Industrial,177,121.91,Medium,63,High,Clear,0,0
Residential,64,15.49,Small,15,High,Rainy,0,0
Commercial,527,333.82,Large,106,High,Rainy,1,180
Infrastructure,419,485.58,Large,170,High,Rainy,0,0
Infrastructure,307,696.21,Large,107,High,Clear,0,0
Commercial,423,211.78,Large,101,High,Clear,0,0
Infrastructure,380,492.96,Large,135,High,Monsoon,1,100
Residential,180,23.48,Small,17,Medium,Clear,0,0
Residential,345,52.87,Medium,23,Low,Clear,1,147
Infrastructure,208,174.19,Medium,58,Low,Clear,0,0
Infrastructure,143,256.19,Large,177,Medium,Monsoon,1,70
Infrastructure,513,1144.91,Large,61,Medium,Clear,1,136
Industrial,465,564.36,Large,149,Low,Clear,1,136
Commercial,525,215.06,Large,118,High,Clear,0,0
Commercial,515,163.17,Medium,46,High,Rainy,1,96
Infrastructure,290,337.81,Large,86,Low,Clear,1,112
Commercial,347,176.3,Medium,34,Medium,Clear,1,141
Infrastructure,220,460.09,Large,131,Medium,Clear,0,0
Infrastructure,331,370.5,Large,66,High,Monsoon,1,84
Infrastructure,519,1050.27,Large,122,High,Clear,1,123
Residential,97,26.52,Small,19,Low,Clear,0,0
Residential,285,54.37,Medium,74,Medium,Clear,1,69
Residential,201,53.12,Medium,65,High,Monsoon,1,71
Commercial,351,202.64,Large,122,High,Rainy,0,0
Residential,210,47.76,Small,12,Medium,Monsoon,1,45
Commercial,173,97.42,Medium,31,Medium,Monsoon,0,0
Commercial,296,157.35,Medium,32,High,Clear,0,0
Residential,125,18.37,Small,15,Low,Rainy,1,60
Commercial,420,189.67,Medium,36,High,Clear,0,0
Residential,400,63.2,Medium,36,High,Rainy,1,81
Residential,317,67.41,Medium,55,Medium,Clear,0,0
Infrastructure,534,536.09,Large,144,High,Clear,0,0
Residential,308,87.27,Medium,27,Low,Monsoon,1,154
Residential,516,125.97,Medium,24,Medium,Clear,1,144
Commercial,508,254.37,Large,149,Medium,Monsoon,0,0
Infrastructure,390,417.17,Large,139,High,Clear,0,0
Residential,382,105.58,Medium,55,High,Clear,0,0
Commercial,239,170.14,Medium,47,High,Monsoon,1,87
Residential,249,60.84,Medium,73,Medium,Rainy,0,0
Residential,466,71.91,Medium,48,Medium,Rainy,1,75
Commercial,213,106.76,Medium,66,Low,Clear,0,0
Commercial,255,89.6,Medium,31,Medium,Clear,1,91
Commercial,525,207.12,Large,160,Low,Rainy,1,108
Infrastructure,370,788.52,Large,89,Medium,Rainy,1,51
Industrial,321,458.89,Large,82,High,Clear,1,93
Commercial,478,285.24,Large,75,High,Monsoon,1,199
Residential,465,129.8,Medium,33,Medium,Rainy,1,54
Infrastructure,486,870.69,Large,133,High,Monsoon,1,72
Residential,202,39.07,Small,11,High,Rainy,0,0
Commercial,401,188.54,Medium,64,Medium,Rainy,0,0
Residential,375,108.03,Medium,71,Low,Clear,1,178
Residential,160,18.65,Small,9,High,Clear,1,61
Industrial,303,518.18,Large,88,Medium,Monsoon,1,67
Infrastructure,71,156.58,Medium,22,Low,Clear,1,27
Commercial,298,108.76,Medium,34,Medium,Clear,0,0
Commercial,108,62.91,Medium,55,High,Clear,0,0
Residential,101,27.6,Small,19,High,Clear,1,25
Residential,225,48.23,Small,18,Medium,Monsoon,0,0
Residential,141,39.68,Small,24,Medium,Monsoon,0,0
Commercial,488,376.49,Large,78,Low,Clear,1,196
Infrastructure,350,531.32,Large,136,Medium,Clear,0,0
Commercial,217,106.04,Medium,61,High,Rainy,0,0
Residential,275,79.0,Medium,40,High,Rainy,0,0
Industrial,217,298.96,Large,123,Medium,Monsoon,1,104
Infrastructure,521,519.56,Large,96,High,Rainy,0,0
Commercial,193,61.98,Medium,46,High,Clear,1,24
Commercial,126,73.37,Medium,74,Medium,Clear,0,0
Commercial,395,302.21,Large,175,High,Monsoon,1,176
Residential,66,17.74,Small,24,High,Rainy,1,17
Residential,495,116.41,Medium,44,High,Rainy,0,0
Infrastructure,73,75.66,Medium,25,High,Clear,0,0
Residential,132,19.91,Small,8,High,Rainy,1,39
Residential,458,126.0,Medium,21,Medium,Rainy,1,150
Residential,464,63.36,Medium,41,Low,Clear,0,0
Residential,222,34.56,Small,20,High,Clear,0,0
Infrastructure,125,127.54,Medium,37,Medium,Clear,0,0
Infrastructure,406,791.45,Large,128,High,Clear,0,0
Commercial,189,145.91,Medium,73,Medium,Clear,1,79
Residential,478,73.51,Medium,55,Low,Clear,0,0
Commercial,525,282.29,Large,89,Medium,Rainy,0,0
Commercial,265,163.55,Medium,64,Low,Clear,0,0
Residential,335,100.46,Medium,38,High,Clear,0,0
Commercial,525,185.01,Medium,42,High,Monsoon,0,0
Residential,315,62.91,Medium,53,Low,Rainy,1,47
Commercial,325,160.08,Medium,32,High,Rainy,0,0
Commercial,84,61.56,Medium,62,High,Clear,0,0
Residential,509,99.35,Medium,73,Medium,Rainy,1,56
Residential,340,41.55,Small,8,Low,Clear,1,69
Commercial,312,192.57,Medium,41,Low,Rainy,1,173
Commercial,369,252.91,Large,111,High,Clear,0,0
Infrastructure,348,280.1,Large,111,Low,Rainy,1,152
Commercial,223,162.67,Medium,66,High,Clear,0,0
Residential,154,21.13,Small,8,High,Rainy,0,0
Residential,329,69.23,Medium,28,Medium,Clear,0,0
Commercial,380,193.0,Medium,58,High,Clear,0,0
Residential,169,41.22,Small,23,High,Clear,0,0
Commercial,395,191.8,Medium,38,Medium,Rainy,1,124
Industrial,369,601.73,Large,97,High,Monsoon,1,51
Commercial,297,197.58,Medium,25,High,Rainy,1,121
Residential,440,101.0,Medium,71,High,Clear,0,0
Commercial,495,345.57,Large,170,Medium,Clear,0,0
Commercial,446,301.95,Large,138,Medium,Monsoon,0,0
Commercial,484,153.9,Medium,39,Medium,Clear,1,186
Industrial,449,454.91,Large,68,Medium,Rainy,1,149
Residential,84,24.04,Small,8,Medium,Monsoon,0,0
Industrial,200,132.69,Medium,69,Low,Monsoon,1,63
Industrial,176,256.65,Large,141,High,Clear,1,21
Residential,451,133.01,Medium,24,High,Clear,0,0
Residential,464,51.24,Medium,39,Low,Clear,1,175
Residential,511,120.82,Medium,42,High,Rainy,0,0
Residential,84,16.26,Small,15,Low,Clear,1,36
Residential,138,29.79,Small,9,Medium,Clear,0,0
Commercial,127,43.52,Small,8,Medium,Clear,0,0
Residential,232,25.2,Small,16,High,Clear,0,0
Residential,503,117.39,Medium,53,High,Rainy,0,0
Infrastructure,71,156.17,Medium,32,High,Rainy,1,10
Residential,347,88.97,Medium,61,Medium,Clear,0,0
Infrastructure,187,322.48,Large,68,Medium,Clear,1,60
Residential,155,18.6,Small,14,Low,Monsoon,0,0
Residential,151,35.88,Small,11,High,Clear,0,0
Commercial,200,84.19,Medium,23,High,Rainy,1,40
Commercial,90,68.0,Medium,38,High,Monsoon,0,0
Infrastructure,393,874.45,Large,165,Medium,Clear,1,144
Infrastructure,79,158.47,Medium,49,Low,Rainy,1,28
Infrastructure,205,494.67,Large,90,High,Monsoon,1,35
Residential,536,56.97,Medium,54,Medium,Clear,0,0
Residential,375,92.72,Medium,40,High,Clear,1,106
Infrastructure,506,688.87,Large,120,Medium,Clear,0,0
Infrastructure,449,1050.8,Large,90,Low,Clear,0,0
Industrial,219,185.42,Medium,38,High,Rainy,1,52
Commercial,408,270.27,Large,154,High,Monsoon,0,0
Residential,102,28.1,Small,6,Low,Rainy,1,20
Infrastructure,313,272.57,Large,118,Low,Clear,1,154
Residential,189,33.93,Small,24,Medium,Clear,0,0
Industrial,119,177.43,Medium,29,Medium,Rainy,1,12
Infrastructure,210,330.41,Large,61,High,Clear,1,43
Commercial,526,228.09,Large,125,Medium,Rainy,0,0
Infrastructure,346,406.09,Large,119,Low,Clear,1,45
Infrastructure,64,65.51,Medium,43,Medium,Rainy,0,0
Residential,526,142.77,Medium,36,High,Rainy,0,0
Industrial,477,595.28,Large,155,High,Clear,0,0
Commercial,325,109.91,Medium,35,High,Clear,0,0
Infrastructure,404,585.96,Large,75,High,Clear,0,0
Residential,189,32.8,Small,18,High,Clear,1,25
Infrastructure,441,489.05,Large,98,High,Rainy,0,0
Residential,326,61.0,Medium,72,High,Rainy,1,66
Residential,237,39.44,Small,15,High,Rainy,0,0
Industrial,312,294.64,Large,147,Medium,Monsoon,1,44
Residential,474,117.46,Medium,20,High,Clear,0,0
Residential,115,16.64,Small,15,High,Clear,0,0
Industrial,522,696.57,Large,178,High,Clear,0,0
Industrial,516,640.79,Large,144,High,Rainy,1,159
Commercial,530,309.54,Large,63,Medium,Clear,1,69
Commercial,142,89.67,Medium,26,High,Rainy,0,0
Commercial,452,259.53,Large,85,Medium,Clear,0,0
Residential,158,43.58,Small,19,Low,Monsoon,1,79
Residential,208,48.9,Small,22,Medium,Monsoon,0,0
Commercial,388,222.51,Large,71,Medium,Clear,0,0
Infrastructure,215,475.28,Large,154,Low,Clear,1,31
Infrastructure,249,455.78,Large,140,Medium,Rainy,1,30
Infrastructure,430,556.83,Large,156,High,Clear,0,0
Residential,322,45.54,Small,15,High,Clear,0,0
Commercial,139,52.29,Medium,47,Low,Rainy,0,0
Residential,459,128.47,Medium,51,High,Clear,0,0
Commercial,311,203.73,Large,124,High,Rainy,0,0
Commercial,156,119.92,Medium,66,Medium,Rainy,0,0
Infrastructure,319,582.37,Large,151,Low,Clear,1,82
Residential,319,62.1,Medium,72,High,Clear,0,0
Residential,162,18.13,Small,14,Medium,Clear,0,0
Residential,99,23.2,Small,11,High,Rainy,0,0
Infrastructure,332,594.2,Large,61,Medium,Clear,0,0
Commercial,160,127.22,Medium,61,High,Monsoon,0,0
Residential,418,61.79,Medium,43,High,Clear,0,0
Residential,439,90.5,Medium,23,Low,Clear,1,227
Infrastructure,367,699.73,Large,167,Medium,Clear,1,119
Residential,280,64.1,Medium,38,Medium,Clear,1,103
Infrastructure,367,643.79,Large,85,High,Clear,1,54
Infrastructure,479,1015.85,Large,134,High,Rainy,0,0
Residential,183,25.8,Small,12,Medium,Clear,0,0
Residential,481,117.91,Medium,69,High,Clear,1,188
Industrial,290,378.64,Large,102,High,Clear,1,29
Residential,237,66.17,Medium,30,High,Rainy,1,41
Residential,122,32.87,Small,17,Medium,Rainy,0,0
Infrastructure,175,233.76,Large,126,Low,Clear,1,69
Industrial,250,214.78,Large,71,Low,Rainy,1,72
Industrial,121,214.91,Large,126,Medium,Clear,0,0
Infrastructure,315,534.35,Large,165,High,Rainy,0,0
Residential,66,18.56,Small,21,High,Clear,0,0
Residential,214,28.41,Small,6,Low,Clear,1,118
Infrastructure,151,285.81,Large,108,High,Monsoon,0,0
Commercial,529,372.91,Large,75,Low,Clear,1,73
Commercial,73,56.48,Medium,21,High,Rainy,1,32
Industrial,514,482.41,Large,119,Low,Clear,1,204
Residential,288,70.56,Medium,73,Low,Rainy,0,0
Commercial,145,82.56,Medium,49,Low,Monsoon,1,62
Residential,192,21.53,Small,24,High,Clear,0,0
Commercial,242,156.09,Medium,57,High,Monsoon,1,35
Residential,445,105.92,Medium,47,High,Rainy,1,87
Residential,121,34.62,Small,14,High,Rainy,1,51
Residential,278,55.45,Medium,61,High,Clear,0,0
Commercial,464,192.62,Medium,59,Medium,Monsoon,1,124
Infrastructure,305,267.11,Large,156,High,Clear,0,0
Commercial,289,146.76,Medium,32,Medium,Clear,1,95
Industrial,138,123.16,Medium,60,Medium,Monsoon,1,74
Residential,208,52.46,Medium,73,High,Rainy,0,0
Residential,197,33.66,Small,14,Low,Clear,1,47
Infrastructure,530,1279.11,Large,106,High,Clear,1,159
Residential,373,109.09,Medium,56,High,Clear,1,128
Industrial,435,568.62,Large,177,Medium,Clear,1,68
Residential,482,137.72,Medium,35,Low,Clear,1,91
Industrial,448,667.12,Large,168,High,Rainy,1,116
Residential,124,25.96,Small,24,High,Clear,0,0
Infrastructure,72,79.67,Medium,69,Medium,Rainy,1,16
Commercial,272,143.97,Medium,62,High,Rainy,0,0
Industrial,533,655.13,Large,86,Medium,Clear,1,186
Residential,301,82.11,Medium,60,Low,Clear,0,0
Commercial,272,147.06,Medium,35,Low,Clear,1,42
Industrial,240,400.07,Large,93,High,Clear,1,105
Commercial,397,252.96,Large,91,High,Rainy,1,41
Commercial,232,85.49,Medium,45,High,Clear,0,0
Commercial,219,174.65,Medium,44,High,Rainy,1,67
Commercial,223,125.69,Medium,21,High,Clear,0,0
Commercial,524,259.87,Large,71,High,Clear,1,155
Commercial,247,155.5,Medium,59,Low,Clear,1,45
Industrial,454,291.27,Large,132,Low,Clear,0,0
Residential,250,56.83,Medium,31,High,Clear,0,0
Residential,464,92.64,Medium,45,High,Clear,0,0
Industrial,367,377.52,Large,132,High,Monsoon,0,0
Infrastructure,315,762.34,Large,69,High,Rainy,1,48
Commercial,242,135.83,Medium,51,Medium,Clear,1,91
Commercial,176,72.08,Medium,53,Medium,Clear,0,0
Residential,341,65.4,Medium,67,Low,Clear,1,175
Residential,255,72.39,Medium,39,Medium,Clear,1,50
Commercial,93,36.09,Small,11,Medium,Clear,1,23
Residential,111,15.85,Small,6,Medium,Clear,1,24
Commercial,171,52.41,Medium,20,High,Clear,1,21
Residential,311,31.98,Small,23,Medium,Clear,1,104
Industrial,141,222.53,Large,95,Medium,Clear,1,54
Industrial,291,422.46,Large,83,High,Clear,1,60
Commercial,286,136.57,Medium,73,High,Rainy,0,0
Commercial,292,189.55,Medium,46,High,Clear,1,130
Residential,280,50.13,Medium,21,Low,Clear,0,0
Infrastructure,495,1197.86,Large,90,High,Rainy,0,0
Commercial,472,369.82,Large,116,High,Monsoon,1,71
Residential,481,85.89,Medium,33,High,Monsoon,0,0
Industrial,101,162.66,Medium,21,Medium,Rainy,1,33
Infrastructure,80,169.14,Medium,48,High,Clear,1,20
Industrial,101,91.2,Medium,34,Low,Rainy,1,32
Infrastructure,456,544.68,Large,71,Low,Rainy,1,148
Commercial,172,91.01,Medium,56,Medium,Clear,1,32
Commercial,164,113.27,Medium,47,Medium,Clear,1,57
Industrial,251,438.8,Large,143,High,Monsoon,1,106
Infrastructure,76,159.45,Medium,58,High,Clear,0,0
Residential,179,48.52,Small,14,Medium,Clear,0,0
Residential,452,99.72,Medium,65,High,Clear,0,0
Residential,484,129.27,Medium,33,High,Clear,0,0
Infrastructure,188,401.1,Large,160,Medium,Clear,1,37
Industrial,189,187.13,Medium,37,High,Rainy,1,74
Residential,119,25.04,Small,18,Low,Rainy,1,31
Commercial,107,75.15,Medium,53,High,Clear,1,37
Residential,88,9.61,Small,16,Medium,Monsoon,1,15
Industrial,156,241.88,Large,81,Medium,Clear,1,24
Infrastructure,69,76.07,Medium,25,Medium,Clear,1,14
Infrastructure,301,504.16,Large,95,High,Rainy,1,92
Commercial,373,262.64,Large,104,Medium,Rainy,1,121
Commercial,503,214.74,Large,95,Low,Rainy,0,0
Residential,291,43.41,Small,18,Medium,Monsoon,1,83
Residential,336,60.67,Medium,35,High,Rainy,0,0
Infrastructure,343,796.07,Large,120,Medium,Monsoon,1,52
Infrastructure,262,209.8,Large,159,Medium,Clear,0,0
Industrial,306,511.57,Large,115,High,Rainy,1,70
Industrial,349,244.28,Large,148,Low,Monsoon,1,172
Commercial,323,256.8,Large,155,High,Rainy,1,108
Infrastructure,502,1216.47,Large,92,Medium,Clear,0,0
Industrial,273,312.06,Large,104,Medium,Clear,0,0
Infrastructure,259,432.95,Large,95,Medium,Rainy,1,40
Residential,492,96.58,Medium,39,Low,Clear,1,63
Commercial,138,85.25,Medium,37,Low,Monsoon,0,0
Residential,460,54.35,Medium,57,High,Clear,0,0
Industrial,503,272.83,Large,126,High,Clear,0,0
Commercial,402,132.2,Medium,42,High,Monsoon,0,0
Residential,403,76.12,Medium,51,Medium,Clear,0,0
Commercial,232,101.56,Medium,64,Low,Clear,0,0
Commercial,526,321.4,Large,75,High,Rainy,0,0
Residential,128,38.21,Small,9,High,Rainy,0,0
Residential,475,84.2,Medium,23,High,Clear,1,172
Commercial,487,285.83,Large,80,Low,Monsoon,1,96
Commercial,508,257.96,Large,163,High,Clear,0,0
Infrastructure,146,327.09,Large,174,High,Rainy,1,18
Commercial,160,120.18,Medium,33,Medium,Clear,1,16
Infrastructure,67,153.53,Medium,58,Low,Rainy,1,21
Commercial,392,308.58,Large,154,Medium,Clear,1,108
Commercial,259,81.26,Medium,33,Medium,Clear,0,0
Infrastructure,146,325.24,Large,129,High,Clear,1,47
Commercial,102,68.94,Medium,31,Medium,Rainy,0,0
Residential,444,64.71,Medium,35,Medium,Clear,0,0
Residential,168,48.93,Small,21,Low,Rainy,0,0
Infrastructure,494,519.64,Large,168,High,Rainy,0,0
Commercial,467,298.77,Large,146,High,Clear,0,0
Infrastructure,211,249.47,Large,73,High,Clear,0,0
Residential,76,14.16,Small,11,High,Clear,0,0
Residential,192,46.82,Small,18,Low,Rainy,1,48
Residential,207,44.02,Small,19,High,Clear,0,0
Residential,336,62.33,Medium,63,Medium,Clear,0,0
Commercial,291,134.78,Medium,36,High,Rainy,0,0
Residential,373,99.94,Medium,60,High,Rainy,0,0
Commercial,474,176.28,Medium,73,Medium,Clear,1,165
Industrial,425,450.13,Large,170,High,Clear,1,67
Residential,287,80.58,Medium,63,High,Rainy,0,0
Commercial,198,143.14,Medium,53,Medium,Monsoon,0,0
Infrastructure,495,733.39,Large,64,Medium,Monsoon,1,232
Residential,458,115.7,Medium,64,High,Rainy,1,137
Commercial,270,192.13,Medium,46,Low,Clear,1,102
Infrastructure,450,1040.0,Large,175,Medium,Clear,1,78
Industrial,87,105.08,Medium,42,Medium,Clear,0,0
Residential,110,15.5,Small,12,High,Clear,0,0
Industrial,501,416.78,Large,137,High,Rainy,1,63
Commercial,320,143.31,Medium,34,High,Clear,1,84
Residential,320,70.0,Medium,62,High,Clear,0,0
Commercial,409,129.41,Medium,52,High,Monsoon,1,154
Industrial,411,545.34,Large,176,Low,Clear,1,68
Commercial,67,32.31,Small,7,Medium,Clear,0,0
Residential,379,60.28,Medium,36,High,Clear,0,0
Commercial,197,145.73,Medium,47,Medium,Rainy,0,0
Residential,97,18.62,Small,23,High,Rainy,0,0
Residential,170,20.23,Small,18,Medium,Clear,0,0
Residential,539,143.02,Medium,73,Medium,Clear,0,0
Residential,427,46.77,Small,12,Medium,Rainy,1,184
Residential,279,68.45,Medium,32,Low,Rainy,0,0
Residential,396,100.89,Medium,39,High,Monsoon,1,210
Commercial,282,134.32,Medium,54,Medium,Rainy,1,82
Residential,195,51.67,Medium,24,Low,Rainy,0,0
Residential,315,63.99,Medium,28,Medium,Clear,0,0
Infrastructure,419,665.2,Large,88,Medium,Clear,0,0
Commercial,468,151.02,Medium,25,Low,Clear,1,253
Commercial,388,172.67,Medium,44,High,Rainy,1,63
Residential,509,145.68,Medium,50,Low,Rainy,0,0
Residential,522,93.11,Medium,41,High,Clear,1,56
Residential,493,103.2,Medium,21,Medium,Clear,0,0
Residential,510,105.27,Medium,64,Low,Clear,0,0
Residential,108,23.55,Small,9,High,Monsoon,0,0
Residential,351,39.41,Small,12,Medium,Rainy,0,0
Residential,441,76.04,Medium,74,High,Rainy,0,0
Residential,383,93.69,Medium,20,Low,Rainy,1,54
Commercial,137,54.84,Medium,39,Low,Monsoon,1,60
Residential,164,23.08,Small,16,Medium,Rainy,0,0
Residential,228,23.26,Small,15,Medium,Rainy,1,27
Commercial,276,143.17,Medium,58,Low,Clear,1,150
Commercial,437,323.98,Large,170,High,Clear,0,0
Residential,178,19.65,Small,15,High,Clear,0,0
Infrastructure,249,280.1,Large,88,Medium,Clear,1,37
Commercial,314,142.88,Medium,73,High,Monsoon,1,77
Residential,429,105.68,Medium,45,High,Clear,0,0
Infrastructure,325,613.95,Large,75,High,Monsoon,1,151
Industrial,208,216.47,Large,158,High,Clear,0,0
Residential,223,56.15,Medium,39,Low,Clear,0,0
Residential,199,44.16,Small,18,Medium,Monsoon,1,42
Infrastructure,406,943.25,Large,126,Medium,Clear,1,75
Infrastructure,317,694.43,Large,124,High,Clear,1,102
Residential,433,65.19,Medium,72,High,Clear,0,0
Residential,328,50.61,Medium,66,High,Rainy,0,0
Residential,240,30.02,Small,5,Medium,Clear,1,47
Commercial,219,102.6,Medium,36,Medium,Rainy,1,38
Commercial,410,327.91,Large,125,Low,Rainy,1,96
Residential,459,83.15,Medium,48,Medium,Rainy,0,0
Commercial,347,142.35,Medium,39,Medium,Rainy,1,94
Infrastructure,347,727.39,Large,129,Medium,Clear,1,152
Residential,439,91.53,Medium,27,Low,Clear,0,0
Residential,285,37.03,Small,20,Medium,Monsoon,1,133
Infrastructure,70,101.3,Medium,70,High,Clear,1,13
Infrastructure,69,103.82,Medium,52,Medium,Clear,0,0
Commercial,330,223.38,Large,62,Medium,Clear,0,0
Commercial,332,103.03,Medium,54,Medium,Monsoon,1,90
Residential,483,74.29,Medium,24,High,Clear,1,126
Commercial,461,257.61,Large,150,Low,Clear,1,255
Commercial,242,105.13,Medium,63,Low,Rainy,1,48
Residential,516,116.45,Medium,31,High,Rainy,1,116
Residential,212,41.63,Small,24,Low,Clear,1,94
Residential,374,64.46,Medium,64,High,Clear,0,0
Residential,393,113.91,Medium,39,High,Rainy,1,171
Residential,183,41.44,Small,13,High,Monsoon,0,0
Residential,532,67.03,Medium,58,High,Rainy,0,0
Residential,173,36.68,Small,8,Low,Clear,0,0
Residential,337,86.32,Medium,70,High,Clear,0,0
Infrastructure,473,948.1,Large,177,High,Monsoon,1,87
Commercial,527,203.45,Large,78,High,Rainy,0,0
Commercial,272,213.85,Large,161,High,Clear,0,0
Infrastructure,231,361.05,Large,150,High,Clear,1,41
Commercial,347,131.69,Medium,64,Medium,Rainy,1,62
Residential,494,67.2,Medium,62,High,Clear,1,53
Commercial,233,81.34,Medium,32,Low,Clear,0,0
Commercial,172,120.7,Medium,32,Low,Clear,1,66
Infrastructure,435,438.24,Large,119,High,Clear,1,145
Commercial,464,168.23,Medium,41,Low,Clear,1,180
Residential,181,48.89,Small,24,High,Rainy,1,22
Residential,91,15.37,Small,19,High,Clear,0,0
Residential,281,29.83,Small,17,High,Clear,0,0
Commercial,178,58.02,Medium,41,High,Clear,0,0
Commercial,98,36.37,Small,15,Medium,Clear,0,0
Residential,327,46.66,Small,23,Medium,Clear,0,0
Industrial,292,398.49,Large,131,High,Clear,0,0
Commercial,490,185.54,Medium,71,Medium,Rainy,0,0
Residential,77,9.53,Small,12,High,Clear,0,0
Residential,208,52.61,Medium,61,Medium,Clear,0,0
Residential,456,106.8,Medium,45,High,Clear,0,0
Residential,208,38.91,Small,20,High,Clear,0,0
Residential,185,38.82,Small,23,High,Monsoon,1,27
Residential,451,73.24,Medium,45,High,Clear,0,0
Residential,361,70.94,Medium,42,Medium,Monsoon,0,0
Residential,419,84.36,Medium,62,Low,Clear,1,90
Infrastructure,297,433.12,Large,136,High,Monsoon,1,71
Residential,194,54.58,Medium,47,Medium,Clear,0,0
Commercial,210,64.69,Medium,28,Medium,Rainy,1,78
Commercial,295,203.87,Large,79,Low,Clear,0,0
Industrial,283,187.26,Medium,38,High,Clear,1,44
Residential,262,67.99,Medium,67,Medium,Monsoon,0,0
Residential,315,70.3,Medium,58,Low,Rainy,1,45
Industrial,145,231.46,Large,110,Medium,Clear,1,34
Infrastructure,209,201.85,Large,71,High,Clear,1,51
Infrastructure,294,514.58,Large,138,High,Clear,1,75
Residential,404,80.89,Medium,50,High,Rainy,0,0
Residential,81,19.54,Small,18,Medium,Clear,1,31
Commercial,407,230.83,Large,70,Medium,Clear,0,0
Industrial,344,413.82,Large,85,High,Rainy,1,46
Commercial,328,168.85,Medium,61,Medium,Monsoon,0,0
Commercial,525,238.57,Large,86,Medium,Rainy,1,181
Residential,317,62.28,Medium,30,Medium,Rainy,0,0
Infrastructure,88,88.13,Medium,57,Medium,Rainy,0,0
Residential,272,79.51,Medium,53,Low,Clear,1,74
Residential,522,126.78,Medium,62,High,Clear,0,0
Commercial,495,384.24,Large,78,Low,Rainy,1,129
Commercial,342,141.37,Medium,25,High,Clear,0,0
Residential,109,30.07,Small,18,High,Monsoon,0,0
Residential,154,40.31,Small,24,High,Clear,0,0
Commercial,522,333.34,Large,161,High,Clear,1,222
Residential,466,104.85,Medium,68,High,Monsoon,1,104
Commercial,147,67.37,Medium,61,High,Rainy,1,47
Residential,103,27.12,Small,5,Low,Clear,0,0
Commercial,520,286.39,Large,158,High,Rainy,1,102
Commercial,337,113.05,Medium,59,Medium,Rainy,0,0
Residential,230,37.39,Small,12,High,Clear,0,0
Residential,480,137.79,Medium,71,Low,Clear,1,166
Residential,248,66.99,Medium,73,Medium,Rainy,0,0
Residential,412,122.11,Medium,66,High,Monsoon,0,0
Industrial,243,319.88,Large,179,Medium,Clear,0,0
Residential,62,9.27,Small,11,Medium,Monsoon,0,0
Infrastructure,250,269.2,Large,70,Medium,Monsoon,1,112
Residential,177,24.32,Small,11,Medium,Clear,1,72
Commercial,78,24.17,Small,8,Medium,Rainy,0,0
Infrastructure,82,120.06,Medium,44,Medium,Clear,0,0
Commercial,472,186.78,Medium,31,High,Clear,0,0
Commercial,89,45.02,Small,10,High,Rainy,1,35
Commercial,354,271.69,Large,169,Low,Monsoon,1,155
Residential,167,31.08,Small,16,High,Rainy,0,0
Industrial,426,699.23,Large,102,Medium,Clear,1,79
Infrastructure,340,621.98,Large,110,High,Clear,1,112
Industrial,187,153.58,Medium,72,Medium,Clear,1,65
Residential,288,49.3,Small,9,Low,Clear,1,37
Infrastructure,170,160.25,Medium,65,High,Clear,0,0
Industrial,195,182.03,Medium,72,High,Rainy,1,49
Residential,421,99.15,Medium,43,Medium,Clear,1,166
Residential,245,28.03,Small,20,Low,Rainy,0,0
Infrastructure,203,233.28,Large,72,High,Clear,0,0
Commercial,131,64.28,Medium,44,High,Rainy,0,0
Infrastructure,188,464.26,Large,177,Low,Clear,1,63
Residential,423,108.7,Medium,73,Medium,Clear,0,0
Infrastructure,320,655.02,Large,116,High,Clear,1,66
Residential,62,7.64,Small,24,High,Clear,0,0
Residential,508,130.15,Medium,73,Medium,Monsoon,1,246
Residential,447,114.9,Medium,23,High,Clear,1,69
Infrastructure,163,296.97,Large,134,High,Rainy,1,28
Commercial,283,225.04,Large,155,Low,Monsoon,1,139
Commercial,379,175.34,Medium,68,High,Rainy,0,0
Residential,421,121.36,Medium,26,Medium,Clear,1,94
Infrastructure,413,972.63,Large,169,High,Monsoon,1,173
Residential,532,54.42,Medium,30,Medium,Clear,1,82
Infrastructure,69,108.0,Medium,47,Medium,Clear,0,0
Commercial,464,365.89,Large,113,High,Monsoon,1,104
Residential,443,53.44,Medium,60,Medium,Rainy,1,68
Commercial,361,207.18,Large,146,High,Clear,0,0
Residential,290,85.78,Medium,64,Low,Clear,1,157
Infrastructure,278,484.93,Large,82,Low,Clear,1,84
Commercial,470,185.61,Medium,69,High,Clear,0,0
Residential,125,27.05,Small,15,High,Clear,0,0
Infrastructure,484,555.41,Large,170,High,Monsoon,0,0
Residential,171,34.87,Small,23,Medium,Monsoon,1,44
Commercial,72,24.27,Small,5,High,Monsoon,0,0
Industrial,452,581.78,Large,95,High,Clear,0,0
Commercial,479,267.47,Large,73,High,Rainy,0,0
Residential,145,35.96,Small,18,High,Monsoon,0,0
Industrial,293,386.73,Large,94,Medium,Monsoon,1,36
Commercial,149,85.65,Medium,49,High,Clear,1,22
Residential,373,88.76,Medium,47,Medium,Clear,0,0
Residential,113,14.55,Small,21,High,Clear,0,0
Infrastructure,71,128.66,Medium,22,High,Rainy,1,17
Commercial,268,103.46,Medium,35,Medium,Rainy,0,0
Commercial,521,397.4,Large,169,Low,Monsoon,0,0
Infrastructure,73,66.88,Medium,49,Medium,Clear,0,0
Infrastructure,180,275.69,Large,175,High,Clear,1,22
Residential,477,114.08,Medium,48,High,Clear,0,0
Residential,496,95.04,Medium,64,Low,Clear,1,172
Residential,436,51.63,Medium,34,High,Clear,0,0
Infrastructure,79,137.52,Medium,65,High,Rainy,1,20
Residential,134,30.6,Small,23,Low,Clear,0,0
Commercial,459,299.22,Large,161,Low,Rainy,1,211
Infrastructure,302,433.23,Large,165,Low,Clear,1,124
Infrastructure,282,495.82,Large,106,Low,Clear,1,90
Residential,129,24.53,Small,24,Low,Clear,0,0
Infrastructure,371,720.67,Large,97,High,Monsoon,1,79
Residential,270,58.51,Medium,42,High,Clear,0,0
Infrastructure,160,271.01,Large,148,Medium,Rainy,1,56
Residential,245,36.73,Small,14,Medium,Clear,1,85
Residential,191,19.18,Small,11,Medium,Monsoon,1,35
Infrastructure,170,186.31,Medium,41,High,Rainy,0,0
Residential,440,54.3,Medium,36,High,Clear,1,184
Residential,191,36.26,Small,22,Medium,Rainy,1,23
Infrastructure,79,145.43,Medium,68,High,Clear,1,10
Infrastructure,453,526.5,Large,100,High,Monsoon,1,90
Commercial,83,63.87,Medium,29,Medium,Clear,0,0
Commercial,286,86.76,Medium,29,Medium,Clear,0,0
Commercial,213,146.15,Medium,26,High,Rainy,0,0
Residential,352,79.21,Medium,67,Medium,Rainy,0,0
Residential,289,50.49,Medium,69,Medium,Clear,1,120
Residential,528,58.13,Medium,57,High,Rainy,0,0
Industrial,369,485.51,Large,150,High,Clear,1,104
Commercial,418,205.99,Large,111,High,Clear,1,157
Commercial,464,356.41,Large,92,High,Rainy,1,83
Commercial,261,149.03,Medium,20,Low,Clear,1,88
Industrial,97,166.99,Medium,63,High,Clear,1,21
Residential,489,70.46,Medium,72,Medium,Monsoon,1,228
Commercial,319,211.45,Large,119,High,Clear,0,0
Commercial,247,150.33,Medium,53,High,Rainy,1,26
Commercial,116,77.69,Medium,23,Medium,Clear,1,21
Residential,488,69.75,Medium,36,High,Clear,1,74
Infrastructure,79,152.51,Medium,23,Medium,Clear,1,31
Industrial,332,380.95,Large,102,High,Rainy,0,0
Commercial,178,119.51,Medium,73,High,Rainy,0,0
Commercial,130,60.26,Medium,45,Medium,Clear,0,0
Industrial,63,104.4,Medium,23,High,Clear,1,16
Infrastructure,280,264.13,Large,60,Low,Monsoon,1,98
Residential,73,19.08,Small,11,Medium,Clear,0,0
Commercial,62,45.3,Small,22,High,Monsoon,0,0
Commercial,275,194.87,Medium,28,High,Clear,0,0
Commercial,288,160.23,Medium,54,Medium,Rainy,0,0
Infrastructure,395,610.38,Large,67,Medium,Clear,0,0
Industrial,245,439.81,Large,83,High,Monsoon,1,75
Industrial,114,90.96,Medium,38,Low,Rainy,1,62
Commercial,447,256.33,Large,95,High,Clear,0,0
Residential,435,101.85,Medium,69,Low,Clear,1,216
Industrial,313,441.68,Large,175,High,Rainy,1,108
Infrastructure,83,95.19,Medium,62,Low,Rainy,1,20
Residential,221,51.01,Medium,46,Medium,Clear,0,0
Industrial,217,339.36,Large,91,High,Clear,0,0
Infrastructure,141,124.79,Medium,33,High,Rainy,1,22
Commercial,462,349.16,Large,77,High,Clear,0,0
Commercial,218,68.62,Medium,47,Low,Rainy,1,115
Residential,247,42.28,Small,20,High,Clear,0,0
Residential,119,12.28,Small,7,High,Monsoon,0,0
Residential,462,53.33,Medium,66,Medium,Monsoon,1,137
Infrastructure,364,855.03,Large,118,Medium,Monsoon,1,86
Residential,378,64.63,Medium,50,Medium,Clear,1,100
Residential,425,78.61,Medium,23,Medium,Monsoon,0,0
Residential,270,38.63,Small,9,High,Clear,1,113
Commercial,465,278.32,Large,76,Low,Rainy,0,0
Industrial,211,268.65,Large,98,High,Clear,0,0
Residential,168,29.31,Small,20,High,Clear,1,39
Residential,135,22.49,Small,18,Medium,Monsoon,0,0
Infrastructure,89,205.1,Large,149,Medium,Clear,1,26
Commercial,373,183.38,Medium,67,High,Rainy,1,142
Residential,176,34.97,Small,11,Medium,Rainy,1,43
Commercial,474,209.34,Large,164,High,Rainy,1,86
Residential,415,106.8,Medium,23,High,Clear,0,0
Residential,251,45.05,Small,15,Low,Clear,0,0
Commercial,78,43.43,Small,6,High,Rainy,1,34
Commercial,491,209.5,Large,167,High,Clear,0,0
Industrial,232,413.88,Large,71,Low,Clear,1,126
Residential,287,45.43,Small,8,Low,Clear,1,141
Commercial,409,280.32,Large,77,Medium,Clear,1,139
Commercial,242,124.33,Medium,45,Medium,Monsoon,1,59
Residential,172,24.29,Small,11,Medium,Clear,0,0
Commercial,242,169.37,Medium,20,Low,Rainy,1,126
Residential,205,34.18,Small,17,Low,Clear,1,50
Industrial,378,614.16,Large,65,High,Clear,0,0
Residential,175,49.53,Small,10,High,Clear,0,0
Commercial,172,125.54,Medium,63,Medium,Clear,1,65
Residential,310,33.17,Small,12,Medium,Clear,1,130
Industrial,535,815.12,Large,83,Medium,Rainy,1,166
Commercial,310,156.76,Medium,41,Medium,Clear,0,0
Commercial,362,266.74,Large,78,Low,Clear,1,172
Residential,518,117.89,Medium,56,High,Clear,0,0
Infrastructure,372,824.8,Large,77,High,Clear,1,140
Residential,177,35.38,Small,9,High,Monsoon,1,35
Infrastructure,360,615.44,Large,89,High,Clear,0,0
Residential,220,28.35,Small,14,High,Clear,0,0
Residential,460,118.13,Medium,52,High,Clear,0,0
Residential,257,47.26,Small,14,Medium,Monsoon,1,102
Commercial,319,175.46,Medium,56,Low,Clear,1,52
Commercial,207,143.36,Medium,31,Medium,Rainy,0,0
Residential,299,65.71,Medium,73,Medium,Clear,0,0
Infrastructure,106,121.04,Medium,49,High,Monsoon,1,35
Commercial,534,317.79,Large,86,Medium,Monsoon,1,100
Commercial,458,230.75,Large,98,Medium,Rainy,0,0
Commercial,257,137.43,Medium,28,Medium,Clear,0,0
Commercial,106,33.3,Small,16,High,Clear,0,0
Commercial,137,55.49,Medium,74,High,Clear,0,0
Residential,183,28.59,Small,5,High,Clear,0,0
Residential,134,32.51,Small,15,Medium,Clear,0,0
Infrastructure,418,342.57,Large,121,Low,Clear,0,0
Industrial,196,202.16,Large,176,Low,Rainy,1,60
Residential,149,42.44,Small,19,Medium,Clear,1,58
Residential,459,56.17,Medium,21,Medium,Clear,1,204
Commercial,384,214.35,Large,111,Low,Clear,1,101
Commercial,120,83.19,Medium,58,High,Monsoon,0,0
Residential,197,56.84,Medium,72,High,Clear,0,0
Residential,109,27.18,Small,16,Low,Rainy,0,0
Infrastructure,318,643.94,Large,113,High,Clear,0,0
Commercial,520,370.89,Large,77,Low,Clear,1,186
Residential,166,31.41,Small,7,Low,Clear,1,57
Residential,172,44.92,Small,11,Medium,Clear,1,74
Residential,409,41.55,Small,15,Low,Monsoon,1,158
Commercial,313,238.59,Large,141,Medium,Rainy,0,0
Residential,177,33.39,Small,16,Medium,Clear,0,0
Residential,257,54.14,Medium,57,High,Monsoon,0,0
Infrastructure,396,488.39,Large,96,High,Clear,1,136
Residential,424,105.37,Medium,52,High,Monsoon,1,215
Commercial,110,37.21,Small,16,Medium,Monsoon,0,0
Residential,304,83.46,Medium,50,High,Clear,1,70
Residential,462,122.72,Medium,30,High,Clear,0,0
Residential,485,69.46,Medium,23,High,Clear,0,0
Infrastructure,94,204.53,Large,141,Medium,Rainy,1,39
Infrastructure,361,771.39,Large,127,Low,Clear,1,190
Infrastructure,469,879.27,Large,172,Low,Monsoon,1,289
Residential,128,22.36,Small,6,Medium,Rainy,1,24
Commercial,408,177.79,Medium,48,Low,Clear,1,122
Residential,379,55.47,Medium,43,Medium,Clear,0,0
Residential,480,78.59,Medium,41,Medium,Rainy,0,0
Infrastructure,527,1231.1,Large,125,Medium,Clear,0,0
Residential,108,12.48,Small,16,High,Rainy,0,0
Residential,464,123.32,Medium,25,Low,Clear,0,0
Residential,133,22.58,Small,14,High,Clear,0,0
Residential,251,51.28,Medium,44,High,Clear,0,0
Residential,320,82.85,Medium,74,Medium,Rainy,1,129
Commercial,415,308.01,Large,116,High,Clear,0,0
Commercial,129,60.94,Medium,40,High,Rainy,1,29
Infrastructure,149,236.18,Large,114,Medium,Clear,1,46
Infrastructure,319,479.99,Large,75,High,Rainy,0,0
Residential,185,18.99,Small,18,Medium,Rainy,1,26
Residential,290,46.16,Small,11,Medium,Clear,1,34
Residential,354,67.91,Medium,47,Medium,Rainy,1,86
Commercial,478,241.65,Large,155,Medium,Clear,0,0
Residential,188,45.94,Small,23,Medium,Clear,0,0
Commercial,339,166.92,Medium,74,Medium,Clear,0,0
Commercial,372,202.62,Large,108,Medium,Rainy,0,0
Commercial,159,81.85,Medium,28,Medium,Monsoon,1,57
Commercial,385,258.07,Large,117,Medium,Rainy,1,91
Residential,356,97.04,Medium,64,Low,Clear,1,134
Industrial,241,287.14,Large,81,High,Rainy,0,0
Infrastructure,233,499.09,Large,91,High,Clear,0,0
Residential,375,59.76,Medium,24,Low,Monsoon,1,152
Infrastructure,423,727.7,Large,146,High,Clear,0,0
Commercial,247,116.74,Medium,24,High,Monsoon,1,100
Infrastructure,116,174.48,Medium,61,Medium,Rainy,0,0
Infrastructure,90,184.06,Medium,72,High,Rainy,1,29
Commercial,143,105.94,Medium,51,High,Rainy,0,0
Residential,211,26.23,Small,14,Low,Clear,0,0
Residential,532,120.73,Medium,58,Medium,Rainy,1,132
Commercial,95,56.15,Medium,34,High,Clear,0,0
Commercial,272,97.7,Medium,26,Low,Rainy,1,84
Residential,473,67.35,Medium,48,Low,Rainy,1,88
Residential,467,75.75,Medium,66,High,Monsoon,1,156
Infrastructure,423,458.44,Large,62,High,Clear,0,0
Industrial,165,134.78,Medium,38,Low,Clear,1,63
Commercial,473,205.19,Large,69,Medium,Clear,1,126
Residential,401,67.02,Medium,47,Medium,Rainy,1,85
Residential,279,69.72,Medium,48,Low,Clear,1,122
Residential,450,96.47,Medium,34,Medium,Clear,0,0
Industrial,222,395.63,Large,94,High,Rainy,1,28
Residential,498,91.11,Medium,25,Medium,Rainy,1,209
Commercial,279,188.86,Medium,31,High,Clear,0,0
Residential,329,90.24,Medium,66,Medium,Clear,1,35
Commercial,179,114.47,Medium,57,Medium,Rainy,0,0
Commercial,453,229.19,Large,136,High,Clear,1,197
Infrastructure,395,822.04,Large,152,Medium,Rainy,1,103
Residential,459,64.6,Medium,38,High,Clear,1,112
Residential,241,39.89,Small,7,High,Monsoon,1,54
Residential,538,112.62,Medium,27,Medium,Clear,1,55
Industrial,165,205.93,Large,67,High,Clear,1,32
Infrastructure,276,231.19,Large,178,Medium,Rainy,0,0
Commercial,264,203.96,Large,143,High,Rainy,0,0
Commercial,129,83.63,Medium,66,Medium,Clear,0,0
Commercial,103,56.43,Medium,23,Low,Rainy,1,17
Residential,388,111.21,Medium,70,Medium,Clear,0,0
Industrial,360,385.5,Large,144,Medium,Monsoon,1,142
Commercial,287,226.79,Large,126,Low,Rainy,1,75
Residential,243,49.2,Small,17,High,Clear,0,0
Commercial,166,59.29,Medium,27,High,Rainy,0,0
Residential,143,36.17,Small,20,High,Clear,0,0
Residential,397,93.6,Medium,32,High,Clear,0,0
Infrastructure,309,653.25,Large,126,Low,Monsoon,1,165
Residential,422,122.5,Medium,67,High,Rainy,0,0
Commercial,500,344.12,Large,68,Medium,Clear,0,0
Residential,80,17.78,Small,18,Medium,Clear,0,0
Residential,255,69.22,Medium,32,High,Clear,1,43
Residential,237,55.61,Medium,72,Medium,Monsoon,0,0
Residential,476,86.45,Medium,26,High,Clear,1,197
Infrastructure,534,1231.17,Large,74,Medium,Clear,0,0
Residential,66,9.53,Small,11,High,Clear,0,0
Commercial,129,84.79,Medium,57,Low,Clear,1,45
Commercial,186,137.79,Medium,53,Low,Clear,1,32
Commercial,458,304.87,Large,100,High,Clear,0,0
Industrial,525,738.39,Large,81,High,Clear,1,126
Infrastructure,219,455.41,Large,83,Medium,Clear,1,37
Residential,307,59.25,Medium,68,High,Monsoon,0,0
Residential,262,72.01,Medium,56,Low,Clear,0,0
Residential,207,29.12,Small,16,Medium,Rainy,1,35
Commercial,531,193.12,Medium,20,High,Rainy,0,0
Residential,202,31.73,Small,14,Low,Rainy,1,70
Commercial,491,277.8,Large,166,Medium,Monsoon,1,197
Commercial,258,143.26,Medium,35,Low,Clear,1,135
Residential,464,122.55,Medium,65,Low,Clear,0,0
Infrastructure,485,721.57,Large,131,High,Clear,0,0
Residential,213,41.93,Small,21,High,Clear,0,0
Residential,435,44.66,Small,22,Low,Rainy,1,149
Infrastructure,443,662.97,Large,71,Low,Rainy,1,242
Commercial,201,125.4,Medium,44,High,Monsoon,1,103
Commercial,372,114.48,Medium,36,Low,Clear,0,0
Commercial,224,98.66,Medium,45,Medium,Monsoon,0,0
Residential,373,52.81,Medium,65,High,Clear,0,0
Infrastructure,80,69.71,Medium,67,Low,Clear,0,0
Infrastructure,141,227.68,Large,137,High,Clear,1,56
Commercial,128,50.03,Medium,60,Low,Rainy,0,0
Residential,190,47.24,Small,8,High,Clear,0,0
Commercial,146,105.7,Medium,42,Medium,Monsoon,0,0
Residential,277,57.93,Medium,62,High,Monsoon,0,0
Residential,480,142.24,Medium,25,Medium,Monsoon,1,158
Industrial,531,576.47,Large,170,Medium,Clear,0,0
Residential,364,73.77,Medium,24,High,Monsoon,1,65
Industrial,462,825.12,Large,102,Medium,Rainy,0,0
Commercial,430,178.78,Medium,44,Medium,Clear,0,0
Residential,404,116.56,Medium,37,High,Clear,0,0
Commercial,400,128.57,Medium,32,Low,Clear,1,88
Infrastructure,443,690.57,Large,102,High,Clear,0,0
Infrastructure,455,418.15,Large,137,Medium,Clear,0,0
Infrastructure,504,1028.01,Large,87,Medium,Monsoon,1,197
Commercial,484,292.43,Large,77,Medium,Clear,1,119
Commercial,220,143.73,Medium,47,High,Clear,0,0
Infrastructure,237,340.48,Large,110,High,Monsoon,0,0
Residential,176,30.61,Small,19,Medium,Clear,1,26
Commercial,255,82.28,Medium,28,Medium,Monsoon,1,81
Residential,442,75.14,Medium,59,Low,Clear,1,58
Industrial,386,659.32,Large,155,Medium,Rainy,1,137
Industrial,145,143.98,Medium,39,High,Clear,0,0
Residential,348,92.66,Medium,47,High,Rainy,0,0
Infrastructure,140,312.47,Large,156,High,Clear,0,0
Industrial,211,207.88,Large,127,High,Rainy,1,26
Residential,120,27.17,Small,18,High,Clear,0,0
Commercial,120,41.72,Small,6,High,Monsoon,0,0
Industrial,413,262.17,Large,171,High,Clear,0,0
Residential,87,9.55,Small,7,High,Clear,0,0
Commercial,501,295.84,Large,85,High,Rainy,0,0
Residential,102,18.89,Small,12,High,Clear,0,0
Industrial,228,276.44,Large,65,High,Rainy,1,73
Industrial,482,567.5,Large,139,High,Monsoon,1,218
Industrial,145,138.51,Medium,43,Medium,Rainy,1,21
Commercial,236,150.74,Medium,67,High,Clear,0,0
Infrastructure,76,158.8,Medium,58,High,Rainy,1,21
Infrastructure,157,129.5,Medium,49,High,Rainy,0,0
Residential,513,72.56,Medium,64,High,Rainy,0,0
Infrastructure,257,517.21,Large,72,High,Clear,0,0
Residential,157,27.84,Small,9,Medium,Clear,1,58
Commercial,124,78.27,Medium,44,Medium,Clear,0,0
Residential,389,65.89,Medium,39,High,Clear,1,74
Residential,400,71.26,Medium,73,High,Clear,0,0
Residential,64,8.43,Small,22,Low,Clear,1,12
Commercial,61,26.18,Small,19,High,Monsoon,0,0
Residential,81,17.91,Small,22,High,Monsoon,1,21
Infrastructure,171,262.72,Large,125,Low,Rainy,1,62
Residential,116,29.56,Small,14,Low,Clear,1,43
Residential,125,33.81,Small,17,High,Clear,0,0
Commercial,389,222.05,Large,173,Medium,Monsoon,1,68
Infrastructure,157,327.98,Large,106,High,Monsoon,0,0
Residential,203,32.76,Small,16,High,Monsoon,0,0
Commercial,427,216.7,Large,170,Medium,Rainy,1,111
Infrastructure,494,993.79,Large,136,High,Clear,1,95
Commercial,184,90.73,Medium,69,High,Rainy,1,72
Residential,226,49.2,Small,19,Low,Clear,1,59
Residential,145,19.88,Small,15,Low,Clear,0,0
Infrastructure,135,245.65,Large,78,High,Rainy,0,0
Residential,403,109.74,Medium,54,Medium,Clear,0,0
Infrastructure,483,1099.64,Large,162,Medium,Clear,1,190
Commercial,353,233.75,Large,112,Low,Clear,1,110
Industrial,503,739.15,Large,85,High,Clear,1,178
Infrastructure,118,206.32,Large,169,High,Monsoon,0,0
Industrial,197,248.23,Large,73,High,Clear,1,54
Residential,158,20.02,Small,17,High,Clear,0,0
Infrastructure,251,390.19,Large,103,High,Clear,1,79
Commercial,302,158.67,Medium,43,Medium,Clear,1,71
Commercial,378,294.56,Large,164,Medium,Clear,1,139
Commercial,108,55.68,Medium,20,High,Rainy,0,0
Infrastructure,507,879.08,Large,110,Medium,Clear,1,126
Industrial,91,108.58,Medium,62,High,Rainy,0,0
Infrastructure,450,847.12,Large,178,Low,Monsoon,1,169
Commercial,336,226.5,Large,145,Low,Rainy,1,118
Commercial,79,32.59,Small,23,Low,Clear,1,38
Infrastructure,213,361.85,Large,141,Low,Clear,1,88
Residential,442,117.21,Medium,31,High,Monsoon,1,117
Residential,127,24.46,Small,5,High,Clear,0,0
Residential,425,66.17,Medium,38,Medium,Rainy,0,0
Residential,431,99.54,Medium,47,Low,Monsoon,1,209
Residential,273,72.28,Medium,71,High,Monsoon,0,0
Residential,202,22.75,Small,21,High,Monsoon,0,0
Residential,435,111.08,Medium,56,Low,Rainy,1,176
Residential,291,76.92,Medium,45,High,Clear,0,0
Industrial,272,299.19,Large,158,High,Monsoon,0,0
Commercial,138,109.25,Medium,53,Medium,Clear,0,0
Residential,273,70.25,Medium,54,High,Clear,0,0
Commercial,175,120.2,Medium,59,High,Rainy,0,0
Residential,151,37.68,Small,20,Medium,Rainy,0,0
Industrial,329,228.92,Large,97,Medium,Monsoon,1,168
Infrastructure,470,549.57,Large,136,Low,Rainy,1,231
Residential,440,84.83,Medium,42,High,Clear,0,0
Commercial,227,98.06,Medium,73,High,Monsoon,0,0
Infrastructure,117,176.19,Medium,41,Medium,Rainy,1,38
Industrial,343,567.67,Large,75,Medium,Rainy,1,75
Commercial,85,60.53,Medium,47,High,Clear,0,0
Commercial,428,263.23,Large,171,Medium,Clear,0,0
Residential,506,137.44,Medium,54,High,Rainy,0,0
Industrial,125,189.86,Medium,64,High,Clear,1,46
Residential,468,86.95,Medium,65,High,Clear,0,0
Industrial,307,233.75,Large,131,High,Rainy,0,0
Commercial,313,174.37,Medium,63,High,Clear,0,0
Commercial,446,297.98,Large,114,Medium,Clear,0,0
Commercial,515,266.88,Large,178,Medium,Clear,0,0
Residential,103,24.04,Small,12,Low,Clear,0,0
Residential,156,18.54,Small,13,High,Rainy,0,0
Residential,101,25.21,Small,5,High,Clear,0,0
Residential,286,75.09,Medium,25,High,Clear,0,0
Infrastructure,321,642.52,Large,82,High,Rainy,1,96
Residential,226,66.32,Medium,70,Medium,Monsoon,1,120
Residential,495,131.34,Medium,42,Medium,Rainy,1,92
Industrial,338,565.82,Large,102,Medium,Clear,1,43
Infrastructure,148,353.29,Large,166,High,Clear,0,0
Industrial,438,675.29,Large,82,High,Monsoon,1,65
Industrial,237,326.24,Large,155,Medium,Clear,0,0
Residential,486,49.16,Small,17,High,Rainy,0,0
Residential,462,89.24,Medium,62,Medium,Clear,1,149
Infrastructure,256,453.37,Large,77,Low,Clear,1,137
Commercial,366,165.44,Medium,42,High,Rainy,0,0
Residential,326,53.34,Medium,34,Medium,Rainy,0,0
Infrastructure,327,795.91,Large,156,Medium,Rainy,1,32
Residential,133,37.02,Small,11,High,Clear,0,0
Residential,67,18.08,Small,17,Medium,Clear,1,23
Commercial,467,234.9,Large,103,High,Rainy,0,0
Commercial,535,164.16,Medium,37,High,Rainy,0,0
Commercial,356,121.08,Medium,43,Medium,Clear,1,117
Residential,223,36.22,Small,23,Low,Clear,0,0
Infrastructure,144,119.05,Medium,66,High,Clear,1,51
Residential,131,13.55,Small,12,High,Monsoon,1,35
Residential,114,32.3,Small,23,Low,Rainy,1,55
Infrastructure,452,904.21,Large,101,Low,Monsoon,1,75
Industrial,106,95.57,Medium,26,Medium,Clear,0,0
Infrastructure,458,469.68,Large,109,High,Monsoon,1,200
Infrastructure,491,819.86,Large,107,Low,Clear,1,118
Commercial,297,89.89,Medium,39,High,Clear,0,0
Commercial,163,125.38,Medium,46,Medium,Rainy,1,43
Residential,269,49.22,Small,10,High,Clear,0,0
Commercial,101,50.62,Medium,46,Medium,Clear,0,0
Residential,375,66.79,Medium,28,High,Clear,0,0
Residential,527,60.01,Medium,72,High,Clear,0,0
Infrastructure,513,967.08,Large,168,High,Rainy,1,199
Commercial,327,217.95,Large,116,High,Rainy,1,63
Residential,445,104.68,Medium,50,Medium,Rainy,1,73
Residential,322,41.12,Small,12,Low,Rainy,1,136
Commercial,395,232.82,Large,171,Low,Rainy,1,141
Residential,446,95.4,Medium,64,High,Clear,0,0
Infrastructure,424,965.15,Large,136,Medium,Clear,1,118
Commercial,318,155.68,Medium,68,Medium,Monsoon,0,0
Commercial,342,166.12,Medium,42,High,Clear,0,0
Commercial,173,105.4,Medium,39,High,Rainy,1,32
Infrastructure,422,791.77,Large,160,Medium,Clear,1,47
Residential,99,19.19,Small,21,Low,Rainy,0,0
Commercial,476,248.25,Large,87,Medium,Rainy,0,0
Commercial,279,152.63,Medium,60,High,Clear,0,0
Residential,188,51.18,Medium,21,Medium,Clear,0,0
Infrastructure,67,106.13,Medium,44,High,Rainy,0,0
Infrastructure,160,383.66,Large,117,Medium,Clear,0,0
Commercial,475,262.2,Large,173,Medium,Clear,1,115
Infrastructure,439,1059.59,Large,100,High,Rainy,0,0
Infrastructure,235,520.72,Large,65,Low,Clear,1,40
Infrastructure,166,235.08,Large,134,High,Monsoon,1,83
Infrastructure,160,362.91,Large,97,Low,Clear,1,22
Commercial,319,113.26,Medium,25,High,Clear,1,80
Commercial,537,409.48,Large,104,High,Rainy,1,63
Commercial,513,315.92,Large,134,High,Clear,0,0
Infrastructure,425,379.3,Large,73,High,Clear,1,56
Residential,305,69.8,Medium,21,High,Clear,0,0
Infrastructure,334,820.38,Large,99,Medium,Clear,0,0
Infrastructure,91,83.6,Medium,22,Medium,Clear,1,30
Residential,196,41.34,Small,7,Medium,Clear,0,0
Infrastructure,71,147.06,Medium,52,High,Clear,1,23
Residential,454,118.97,Medium,43,Medium,Clear,1,50
Residential,361,65.98,Medium,38,High,Rainy,0,0
Infrastructure,434,497.83,Large,77,Medium,Rainy,1,43
Residential,75,8.14,Small,21,High,Clear,1,10
Infrastructure,188,335.68,Large,175,Low,Rainy,0,0
Infrastructure,122,191.53,Medium,43,Medium,Monsoon,1,53
Commercial,168,130.09,Medium,64,Medium,Rainy,1,51
Residential,434,48.66,Small,7,High,Rainy,0,0
Residential,80,18.97,Small,5,High,Clear,0,0
Commercial,217,67.81,Medium,55,High,Monsoon,0,0
Industrial,328,237.1,Large,84,Low,Clear,1,46
Commercial,221,116.42,Medium,64,Low,Clear,0,0
Residential,319,60.92,Medium,68,High,Rainy,0,0
Commercial,471,302.78,Large,166,Medium,Clear,0,0
Commercial,161,121.57,Medium,53,Medium,Clear,0,0
Infrastructure,282,531.95,Large,148,Medium,Rainy,0,0
Residential,118,34.3,Small,20,High,Rainy,0,0
Infrastructure,306,703.42,Large,157,High,Rainy,1,82
Commercial,187,110.75,Medium,48,High,Rainy,0,0
Industrial,342,541.7,Large,78,Low,Clear,1,149
Residential,384,87.75,Medium,42,Medium,Clear,1,155
Commercial,84,28.5,Small,23,Medium,Rainy,0,0
Industrial,190,277.92,Large,84,Low,Clear,1,101
Residential,412,49.02,Small,20,Medium,Rainy,0,0
Industrial,255,324.44,Large,113,Low,Clear,1,68
Commercial,340,221.45,Large,174,Medium,Clear,0,0
Residential,463,52.46,Medium,28,High,Clear,0,0
Residential,477,69.72,Medium,20,Low,Rainy,1,87
Infrastructure,213,501.96,Large,101,Medium,Clear,0,0
Residential,441,98.46,Medium,38,High,Clear,0,0
Commercial,192,81.24,Medium,52,High,Clear,0,0
Residential,286,68.11,Medium,53,High,Clear,0,0
Commercial,248,148.4,Medium,35,Medium,Clear,0,0
Residential,535,107.17,Medium,63,Low,Clear,0,0
Infrastructure,536,1318.3,Large,163,Low,Clear,1,122
Industrial,324,449.87,Large,114,Low,Clear,1,150
Industrial,431,425.86,Large,77,High,Clear,1,189
Infrastructure,493,1064.94,Large,93,High,Rainy,0,0
Residential,193,53.44,Medium,44,High,Monsoon,0,0
Infrastructure,270,273.48,Large,104,Low,Clear,0,0
Residential,119,16.67,Small,10,High,Clear,0,0
Residential,487,69.76,Medium,40,Medium,Clear,1,128
Residential,436,103.87,Medium,25,Medium,Rainy,1,90
Commercial,454,273.09,Large,155,High,Clear,1,113
Infrastructure,509,942.81,Large,164,High,Clear,0,0
Commercial,490,377.49,Large,107,Low,Rainy,1,126
Commercial,423,291.01,Large,166,Low,Clear,1,100
Residential,423,53.12,Medium,58,High,Rainy,0,0
Industrial,516,491.11,Large,90,Medium,Clear,1,158
Commercial,272,140.81,Medium,61,Low,Rainy,1,35
Commercial,275,136.94,Medium,29,High,Clear,1,52
Residential,285,66.65,Medium,49,High,Monsoon,0,0
Infrastructure,529,1225.28,Large,175,High,Rainy,1,175
Commercial,190,86.07,Medium,37,Medium,Clear,0,0
Residential,135,28.4,Small,24,High,Clear,0,0
Residential,535,137.97,Medium,28,High,Clear,0,0
Commercial,345,175.3,Medium,50,High,Rainy,0,0
Commercial,533,204.7,Large,74,Medium,Monsoon,1,71
Residential,336,65.52,Medium,23,Low,Clear,0,0
Industrial,215,122.93,Medium,59,Low,Monsoon,1,40
Residential,307,88.56,Medium,28,Low,Clear,0,0
Commercial,277,93.46,Medium,64,Medium,Clear,0,0
Industrial,249,266.43,Large,68,High,Monsoon,1,60
Commercial,476,268.91,Large,85,High,Rainy,1,193
Commercial,528,418.52,Large,63,Low,Clear,1,242
Residential,222,29.57,Small,21,High,Rainy,0,0
Residential,239,29.37,Small,20,High,Monsoon,1,30
Industrial,93,47.55,Small,19,Medium,Rainy,1,25
Commercial,100,37.78,Small,7,High,Monsoon,1,23
Infrastructure,366,421.77,Large,111,High,Rainy,0,0
Residential,490,110.8,Medium,24,Low,Clear,0,0
Residential,397,57.14,Medium,74,Low,Monsoon,1,188
Residential,373,38.83,Small,9,High,Clear,0,0
Commercial,134,95.58,Medium,39,Low,Monsoon,1,68
Residential,500,86.56,Medium,34,Medium,Clear,0,0
Infrastructure,338,473.63,Large,77,Medium,Rainy,1,135
Commercial,235,106.04,Medium,66,High,Clear,0,0
Industrial,443,783.22,Large,61,High,Clear,0,0
Residential,209,28.01,Small,17,Medium,Clear,0,0
Infrastructure,332,772.57,Large,63,Low,Monsoon,1,128
Infrastructure,384,814.3,Large,101,Medium,Monsoon,1,206
Infrastructure,167,155.31,Medium,64,High,Clear,0,0
Infrastructure,198,490.53,Large,133,High,Monsoon,1,105
Infrastructure,409,515.88,Large,120,Low,Monsoon,1,242
Commercial,330,115.27,Medium,50,High,Rainy,0,0
Residential,406,107.94,Medium,60,Medium,Clear,0,0
Residential,478,115.36,Medium,27,High,Monsoon,0,0
Industrial,348,453.23,Large,126,High,Rainy,0,0
Commercial,271,102.44,Medium,67,Medium,Monsoon,0,0
Infrastructure,440,709.92,Large,122,Medium,Monsoon,1,159
Commercial,331,228.48,Large,169,High,Monsoon,0,0
Residential,477,76.67,Medium,28,High,Rainy,0,0
Residential,125,20.29,Small,15,Low,Clear,1,37
Commercial,483,145.66,Medium,54,High,Clear,0,0
Commercial,307,118.85,Medium,56,Medium,Clear,0,0
Residential,215,59.14,Medium,61,Low,Clear,0,0
Commercial,106,55.21,Medium,32,High,Rainy,0,0
Residential,482,143.08,Medium,55,Low,Rainy,1,137
Commercial,513,255.4,Large,179,High,Monsoon,1,64
Residential,260,63.19,Medium,32,Medium,Clear,0,0
Infrastructure,207,264.81,Large,71,High,Clear,0,0
Residential,183,31.62,Small,9,Low,Clear,1,42
Commercial,60,23.72,Small,14,High,Clear,0,0
Residential,515,87.25,Medium,28,High,Clear,0,0
Residential,306,64.09,Medium,71,Low,Rainy,0,0
Residential,402,119.94,Medium,26,Medium,Clear,0,0
Commercial,187,118.2,Medium,21,Medium,Rainy,0,0
Commercial,250,99.91,Medium,73,High,Clear,0,0
Residential,126,13.73,Small,11,Medium,Monsoon,0,0
Commercial,63,22.88,Small,12,High,Rainy,1,22
Infrastructure,501,879.93,Large,123,High,Monsoon,1,187
Infrastructure,468,983.16,Large,162,Medium,Monsoon,1,236
Residential,362,104.29,Medium,40,High,Monsoon,0,0
Commercial,353,108.69,Medium,42,Low,Monsoon,1,60
Residential,202,41.32,Small,18,Low,Rainy,1,38
Residential,250,48.54,Small,23,Medium,Clear,0,0
Industrial,80,108.23,Medium,24,Low,Clear,1,37
Residential,286,60.61,Medium,74,Medium,Clear,0,0
Commercial,372,239.39,Large,154,High,Rainy,1,83
Commercial,176,110.71,Medium,44,Medium,Clear,1,24
Infrastructure,496,495.46,Large,90,High,Monsoon,1,267
Commercial,361,252.65,Large,109,High,Monsoon,1,162
Residential,201,25.05,Small,24,Low,Clear,0,0
Residential,519,124.41,Medium,63,Medium,Clear,0,0
Commercial,460,233.71,Large,114,Low,Monsoon,1,162
Residential,98,19.87,Small,21,High,Clear,0,0
Residential,452,126.86,Medium,64,Medium,Rainy,1,175
Residential,414,115.08,Medium,21,High,Clear,0,0
Residential,311,81.97,Medium,44,Medium,Rainy,0,0
Residential,392,79.2,Medium,32,Medium,Clear,0,0
Residential,266,65.77,Medium,58,Medium,Monsoon,1,107
Commercial,269,149.68,Medium,47,High,Rainy,0,0
Commercial,174,127.86,Medium,61,High,Clear,0,0
Infrastructure,284,421.66,Large,178,High,Clear,1,106
Residential,193,56.75,Medium,25,Medium,Clear,0,0
Residential,310,88.8,Medium,22,Low,Monsoon,1,173
Residential,278,69.03,Medium,54,High,Rainy,1,36
Commercial,466,204.9,Large,141,Medium,Clear,0,0
Infrastructure,502,513.95,Large,134,Low,Clear,1,199
Residential,150,40.64,Small,24,Medium,Clear,0,0
Industrial,413,295.25,Large,123,Medium,Rainy,0,0
Residential,435,117.82,Medium,24,Low,Rainy,1,55
Commercial,105,57.27,Medium,38,High,Clear,0,0
Infrastructure,97,144.64,Medium,41,High,Rainy,0,0
Infrastructure,201,469.42,Large,118,High,Rainy,1,23
Infrastructure,159,290.42,Large,119,Low,Monsoon,1,95
Infrastructure,387,688.95,Large,142,Low,Monsoon,1,159
Residential,249,52.73,Medium,66,Medium,Rainy,1,89
Infrastructure,94,134.51,Medium,35,High,Rainy,1,36
Residential,206,52.97,Medium,43,High,Clear,0,0
Infrastructure,89,109.45,Medium,60,High,Monsoon,1,46
Commercial,393,302.39,Large,127,High,Clear,0,0
Infrastructure,143,331.73,Large,74,Medium,Clear,1,57
Commercial,428,200.62,Large,148,Low,Clear,0,0
Commercial,340,226.01,Large,167,Low,Monsoon,1,132
Commercial,483,283.33,Large,114,Medium,Clear,0,0
Infrastructure,403,553.72,Large,94,High,Clear,1,87
Residential,329,97.94,Medium,74,High,Clear,0,0
Residential,213,22.38,Small,18,High,Clear,0,0
Residential,161,24.24,Small,21,Medium,Clear,0,0
Residential,274,55.9,Medium,38,Low,Rainy,0,0
Infrastructure,209,352.65,Large,161,High,Monsoon,1,38
Residential,491,106.93,Medium,55,High,Clear,1,117
Industrial,142,209.76,Large,66,High,Monsoon,1,38
Residential,169,37.97,Small,23,High,Rainy,0,0
Residential,494,108.71,Medium,68,Medium,Clear,0,0
Infrastructure,446,397.37,Large,148,High,Rainy,1,131
Commercial,485,236.81,Large,75,Medium,Monsoon,0,0
Commercial,334,138.95,Medium,66,Low,Clear,1,138
Commercial,260,112.5,Medium,73,Medium,Clear,0,0
Infrastructure,343,597.63,Large,163,High,Monsoon,1,182
Residential,527,73.73,Medium,70,High,Rainy,1,187
Industrial,232,204.66,Large,131,Medium,Clear,0,0
Industrial,386,311.97,Large,141,High,Rainy,1,125
Commercial,265,205.18,Large,151,High,Clear,0,0
Residential,122,35.25,Small,20,Medium,Monsoon,0,0
Commercial,132,79.86,Medium,71,Medium,Clear,1,28
Residential,310,88.32,Medium,38,Medium,Clear,0,0
Residential,183,47.06,Small,14,High,Rainy,0,0
Residential,434,94.61,Medium,36,Low,Clear,0,0
Commercial,180,54.58,Medium,64,High,Clear,0,0
Infrastructure,334,705.83,Large,136,High,Rainy,1,37
Infrastructure,490,977.17,Large,66,Medium,Rainy,1,98
Infrastructure,457,843.59,Large,86,Medium,Clear,0,0
Commercial,179,121.76,Medium,29,Low,Rainy,0,0
Residential,481,97.44,Medium,53,Medium,Clear,1,177
Residential,496,119.45,Medium,55,Low,Clear,0,0
Industrial,376,645.11,Large,84,Low,Clear,1,80
Residential,223,39.06,Small,10,Medium,Clear,1,77
Infrastructure,483,967.84,Large,83,Medium,Monsoon,1,175
Commercial,524,281.83,Large,77,Medium,Clear,1,83
Commercial,345,219.83,Large,146,Low,Rainy,1,82
Infrastructure,324,679.4,Large,65,Medium,Clear,0,0
Commercial,379,122.31,Medium,48,High,Monsoon,0,0
Infrastructure,220,417.83,Large,84,Medium,Rainy,1,60
Industrial,435,345.72,Large,114,High,Rainy,0,0
Commercial,367,233.05,Large,140,High,Clear,0,0
Residential,148,28.66,Small,18,High,Clear,0,0
Commercial,201,138.04,Medium,43,Medium,Clear,1,49
Industrial,262,173.03,Medium,30,Low,Monsoon,1,141
Residential,368,82.9,Medium,45,High,Clear,0,0
Commercial,286,125.62,Medium,70,High,Rainy,1,102
Commercial,502,364.7,Large,157,High,Rainy,1,151
Infrastructure,393,934.65,Large,87,Medium,Clear,0,0
Residential,281,84.1,Medium,22,High,Rainy,1,108
Infrastructure,100,215.32,Large,134,High,Rainy,1,29
Industrial,255,377.36,Large,97,High,Rainy,1,111
Residential,127,18.17,Small,18,Medium,Clear,1,22
Residential,535,89.45,Medium,70,High,Clear,0,0
Industrial,323,357.04,Large,149,Medium,Clear,0,0
Residential,61,15.54,Small,20,High,Rainy,1,21
Infrastructure,420,989.29,Large,80,Medium,Rainy,1,96
Commercial,184,72.6,Medium,73,High,Clear,0,0
Residential,169,48.08,Small,11,Medium,Monsoon,1,40
Infrastructure,145,287.47,Large,153,High,Clear,0,0
Commercial,484,293.01,Large,118,Medium,Monsoon,1,94
Commercial,179,71.59,Medium,27,Low,Monsoon,0,0
Residential,186,20.67,Small,23,Low,Monsoon,1,79
Commercial,314,183.45,Medium,39,Medium,Rainy,1,55
Residential,242,55.73,Medium,67,Medium,Clear,1,41
Residential,75,10.66,Small,11,Low,Clear,1,41
Industrial,536,655.74,Large,68,Medium,Rainy,1,204
Residential,121,32.83,Small,17,High,Clear,0,0
Commercial,428,307.1,Large,60,Low,Clear,1,193
Residential,491,140.17,Medium,48,High,Rainy,0,0
Infrastructure,217,308.58,Large,122,High,Clear,0,0
Residential,327,53.5,Medium,27,High,Monsoon,0,0
Industrial,94,138.58,Medium,73,High,Monsoon,1,42
Commercial,326,168.07,Medium,23,Medium,Monsoon,0,0
Residential,123,14.45,Small,7,High,Rainy,1,54
Residential,109,17.07,Small,7,High,Monsoon,0,0
Residential,528,97.0,Medium,73,High,Rainy,0,0
Commercial,314,140.13,Medium,64,Medium,Rainy,0,0
Residential,208,34.62,Small,12,Medium,Clear,1,62
Infrastructure,384,498.98,Large,66,High,Monsoon,1,81
Commercial,363,116.43,Medium,46,High,Monsoon,0,0
Residential,335,76.19,Medium,20,High,Clear,0,0
Commercial,416,249.04,Large,150,Low,Clear,1,208
Infrastructure,510,974.48,Large,139,Medium,Rainy,1,183
Residential,231,31.98,Small,10,Medium,Clear,0,0
Residential,476,75.75,Medium,26,High,Monsoon,1,139
Residential,260,58.22,Medium,63,Medium,Monsoon,0,0
Infrastructure,504,916.96,Large,146,Medium,Clear,1,133
Commercial,452,250.03,Large,100,High,Rainy,0,0
Commercial,383,182.0,Medium,30,High,Clear,0,0
Infrastructure,94,221.09,Large,101,High,Rainy,0,0
Infrastructure,524,721.87,Large,176,Low,Clear,0,0
Commercial,275,145.15,Medium,52,Low,Rainy,0,0
Infrastructure,539,1052.56,Large,109,Medium,Clear,1,131
Residential,124,25.87,Small,8,Medium,Clear,0,0
Residential,67,11.35,Small,9,High,Clear,0,0
Residential,360,67.37,Medium,60,Medium,Clear,1,153
Residential,402,104.08,Medium,36,Medium,Rainy,0,0
Commercial,490,215.14,Large,158,High,Clear,0,0
Industrial,483,330.82,Large,107,Low,Clear,0,0
Residential,391,63.59,Medium,24,High,Monsoon,1,103
Residential,497,134.14,Medium,67,High,Monsoon,0,0
Commercial,135,46.51,Small,7,Medium,Monsoon,1,70
Industrial,233,416.88,Large,175,Medium,Monsoon,1,117
Residential,106,22.07,Small,19,Medium,Clear,0,0
Commercial,74,58.64,Medium,54,High,Clear,0,0
Residential,420,120.88,Medium,71,Low,Rainy,1,168
Residential,206,39.26,Small,18,Medium,Monsoon,0,0
Industrial,85,64.43,Medium,67,Medium,Monsoon,1,30
Industrial,367,262.17,Large,120,Low,Clear,1,105
Residential,152,22.5,Small,21,Medium,Clear,0,0
Industrial,465,661.78,Large,83,High,Clear,1,49
Commercial,291,127.01,Medium,71,Medium,Rainy,1,42
Infrastructure,80,110.43,Medium,42,High,Rainy,1,29
Commercial,366,191.93,Medium,37,High,Clear,0,0
Commercial,97,73.39,Medium,69,High,Clear,0,0
Commercial,335,132.22,Medium,73,Low,Rainy,0,0
Commercial,216,65.34,Medium,33,High,Rainy,1,57
Residential,238,26.66,Small,22,Medium,Clear,0,0
Residential,191,53.66,Medium,34,High,Monsoon,1,34
Residential,370,84.92,Medium,34,Medium,Rainy,1,71
Infrastructure,514,649.78,Large,129,Medium,Rainy,1,221
Residential,407,55.12,Medium,46,Medium,Rainy,0,0
Commercial,87,38.9,Small,19,High,Clear,0,0
Industrial,319,207.11,Large,109,Medium,Clear,0,0
Residential,465,134.06,Medium,55,Low,Rainy,1,132
Commercial,135,93.43,Medium,74,Medium,Clear,0,0
Commercial,488,259.22,Large,67,Medium,Monsoon,1,244
Infrastructure,126,286.07,Large,138,Low,Rainy,1,32
Residential,401,60.11,Medium,22,High,Monsoon,1,139
Commercial,253,166.62,Medium,66,Medium,Clear,0,0
Infrastructure,531,1197.63,Large,136,Low,Clear,1,71
Industrial,221,213.0,Large,164,High,Rainy,0,0
Commercial,406,275.57,Large,157,Medium,Clear,0,0
Commercial,498,222.87,Large,147,High,Rainy,0,0
Commercial,420,188.76,Medium,59,Medium,Monsoon,1,142
Infrastructure,316,310.31,Large,155,Medium,Clear,1,102
Commercial,131,68.12,Medium,51,High,Rainy,0,0
Residential,146,35.91,Small,24,Medium,Clear,0,0
Industrial,481,828.42,Large,172,High,Clear,1,87
Commercial,321,193.21,Medium,32,High,Monsoon,0,0
Commercial,273,199.72,Medium,20,High,Monsoon,0,0
Residential,212,56.07,Medium,53,Low,Clear,1,80
Commercial,269,104.01,Medium,34,High,Monsoon,1,105
Residential,460,90.7,Medium,63,Low,Clear,1,195
Commercial,120,43.02,Small,18,Medium,Clear,1,44
Residential,327,77.31,Medium,48,High,Clear,0,0
Commercial,321,248.76,Large,157,Medium,Monsoon,1,80
Industrial,277,187.87,Medium,37,Medium,Clear,1,82
Residential,342,84.4,Medium,73,Medium,Rainy,0,0
Industrial,195,257.77,Large,130,High,Rainy,0,0
Commercial,526,311.29,Large,152,High,Rainy,1,233
Infrastructure,439,642.35,Large,178,High,Clear,1,181
Infrastructure,421,590.97,Large,90,High,Clear,0,0
Commercial,508,163.89,Medium,44,High,Clear,0,0
Infrastructure,500,585.22,Large,97,High,Rainy,1,216
Infrastructure,152,125.52,Medium,33,High,Rainy,0,0
Commercial,168,99.24,Medium,27,High,Rainy,1,39
Residential,300,36.35,Small,6,High,Rainy,0,0
Commercial,414,304.92,Large,140,High,Clear,0,0
Infrastructure,483,815.95,Large,160,Low,Monsoon,1,262
Infrastructure,201,399.88,Large,137,High,Rainy,1,63
Infrastructure,350,524.46,Large,148,Medium,Clear,1,45
Commercial,491,284.92,Large,115,High,Clear,1,190
Infrastructure,296,711.15,Large,153,Low,Monsoon,1,144
Residential,399,46.5,Small,24,High,Monsoon,0,0
Commercial,371,158.41,Medium,40,Low,Clear,1,78
Residential,236,60.42,Medium,72,Medium,Rainy,0,0
Residential,200,23.95,Small,7,High,Clear,1,25
Residential,248,28.55,Small,9,Low,Clear,1,121
Residential,108,18.61,Small,20,Medium,Rainy,1,13
Commercial,361,124.94,Medium,69,High,Rainy,0,0
Residential,428,92.88,Medium,68,Medium,Rainy,0,0
Commercial,249,102.87,Medium,62,Low,Clear,0,0
Residential,195,54.43,Medium,36,Medium,Clear,1,25
Residential,102,26.18,Small,20,High,Clear,1,25
Residential,463,111.09,Medium,74,Medium,Clear,0,0
Residential,439,98.07,Medium,21,Medium,Clear,0,0
Commercial,412,301.47,Large,63,Low,Clear,1,75
Commercial,149,61.32,Medium,40,Medium,Clear,1,62
Commercial,354,260.74,Large,98,High,Clear,0,0
Commercial,400,277.9,Large,157,Low,Rainy,0,0
Residential,304,75.89,Medium,49,High,Clear,0,0
Infrastructure,492,863.03,Large,65,High,Clear,1,130
